{"stats":{"minecraft:crafted":{"minecraft:oak_planks":600,"minecraft:stone_shovel":1,"minecraft:furnace":1,"minecraft:diamond_shovel":1,"minecraft:flint_and_steel":1,"minecraft:diamond_helmet":1,"minecraft:diamond_leggings":1,"minecraft:iron_boots":1,"minecraft:iron_axe":2,"minecraft:stone_pickaxe":1,"minecraft:chest":2,"minecraft:diamond_boots":1,"minecraft:wheat":189,"minecraft:red_dye":1,"minecraft:diamond_sword":1,"minecraft:emerald":15,"minecraft:crafting_table":3,"minecraft:wooden_pickaxe":1,"minecraft:iron_sword":1,"minecraft:smithing_table":1,"minecraft:fletching_table":1,"minecraft:bucket":1,"minecraft:stone_axe":4,"minecraft:egg":2,"minecraft:bread":63,"minecraft:air":0,"minecraft:jungle_planks":4,"minecraft:iron_chestplate":1,"minecraft:diamond_pickaxe":1,"minecraft:stick":1112,"minecraft:iron_ingot":44,"minecraft:iron_pickaxe":1,"minecraft:iron_shovel":2,"minecraft:iron_leggings":1,"minecraft:diamond_chestplate":1},"minecraft:mined":{"minecraft:tuff":4,"minecraft:white_bed":8,"minecraft:mossy_cobblestone":29,"minecraft:deepslate_diamond_ore":26,"minecraft:cobblestone_stairs":12,"minecraft:obsidian":1,"minecraft:cave_vines_plant":4,"minecraft:granite":1,"minecraft:grass_block":199,"minecraft:jungle_planks":3,"minecraft:jungle_log":2,"minecraft:moss_block":1,"minecraft:composter":3,"minecraft:furnace":1,"minecraft:cobbled_deepslate":1,"minecraft:iron_ore":62,"minecraft:fire":11,"minecraft:andesite":9,"minecraft:deepslate_lapis_ore":8,"minecraft:bell":1,"minecraft:cave_vines":6,"minecraft:vine":1,"minecraft:dirt_path":68,"minecraft:bamboo":25,"minecraft:stone":120,"minecraft:deepslate_redstone_ore":4,"minecraft:redstone_block":4,"minecraft:quartz_block":4,"minecraft:crafting_table":2,"minecraft:oak_fence":17,"minecraft:clay":1,"minecraft:short_grass":61,"minecraft:blast_furnace":1,"minecraft:melon":18,"minecraft:lectern":3,"minecraft:copper_ore":1,"minecraft:tall_grass":2,"minecraft:cobblestone":14,"minecraft:lapis_ore":3,"minecraft:grindstone":1,"minecraft:diorite":17,"minecraft:yellow_bed":2,"minecraft:smooth_stone_slab":7,"minecraft:coal_ore":25,"minecraft:oak_log":138,"minecraft:gravel":23,"minecraft:dirt":91,"minecraft:cobweb":13,"minecraft:oak_leaves":20,"minecraft:fern":8,"minecraft:deepslate":50},"minecraft:broken":{"minecraft:iron_shovel":1,"minecraft:iron_boots":1,"minecraft:iron_chestplate":1,"minecraft:stone_pickaxe":1,"minecraft:iron_sword":1,"minecraft:iron_helmet":1},"minecraft:custom":{"minecraft:mob_kills":77,"minecraft:interact_with_crafting_table":47,"minecraft:bell_ring":62,"minecraft:leave_game":7,"minecraft:time_since_death":37507,"minecraft:climb_one_cm":3462,"minecraft:sprint_one_cm":445511,"minecraft:walk_one_cm":259084,"minecraft:drop":92,"minecraft:talked_to_villager":30,"minecraft:play_time":256227,"minecraft:deaths":18,"minecraft:sneak_time":23063,"minecraft:walk_under_water_one_cm":3837,"minecraft:jump":3814,"minecraft:walk_on_water_one_cm":14396,"minecraft:total_world_time":256227,"minecraft:interact_with_furnace":23,"minecraft:traded_with_villager":19,"minecraft:sleep_in_bed":4,"minecraft:time_since_rest":35027,"minecraft:damage_taken":8437,"minecraft:damage_dealt":17665,"minecraft:fly_one_cm":924198,"minecraft:swim_one_cm":5348,"minecraft:player_kills":1,"minecraft:open_chest":26,"minecraft:crouch_one_cm":71243,"minecraft:fall_one_cm":117536,"minecraft:horse_one_cm":40484},"minecraft:killed_by":{"minecraft:player":2,"minecraft:creeper":2,"minecraft:enderman":2,"minecraft:iron_golem":3,"minecraft:cave_spider":1,"minecraft:skeleton":1,"minecraft:zombie":4},"minecraft:used":{"minecraft:oak_fence":1,"minecraft:iron_shovel":316,"minecraft:flint_and_steel":9,"minecraft:stone_shovel":48,"minecraft:poppy":4,"minecraft:chest":2,"minecraft:iron_sword":274,"minecraft:bell":2,"minecraft:dirt":212,"minecraft:jungle_planks":9,"minecraft:tuff":2,"minecraft:granite":1,"minecraft:obsidian":1,"minecraft:lava_bucket":2,"minecraft:iron_axe":224,"minecraft:quartz_block":2,"minecraft:beef":4,"minecraft:furnace":1,"minecraft:egg":55,"minecraft:cobbled_deepslate":53,"minecraft:water_bucket":21,"minecraft:diorite":17,"minecraft:cobblestone_stairs":3,"minecraft:stone_pickaxe":130,"minecraft:oak_planks":1,"minecraft:redstone_block":2,"minecraft:wooden_pickaxe":16,"minecraft:composter":1,"minecraft:fletching_table":1,"minecraft:glow_berries":6,"minecraft:mossy_cobblestone":3,"minecraft:crafting_table":4,"minecraft:white_bed":7,"minecraft:diamond_pickaxe":146,"minecraft:bread":58,"minecraft:melon_slice":68,"minecraft:iron_pickaxe":142,"minecraft:lectern":3,"minecraft:stone_axe":26,"minecraft:diamond_sword":72,"minecraft:cobblestone":62,"minecraft:grindstone":1,"minecraft:smithing_table":1,"minecraft:bucket":24,"minecraft:andesite":7,"minecraft:yellow_bed":2},"minecraft:dropped":{"minecraft:iron_ingot":43,"minecraft:golden_boots":1,"minecraft:moss_block":5,"minecraft:wheat_seeds":17,"minecraft:golden_helmet":2,"minecraft:mossy_cobblestone":30,"minecraft:diamond":4,"minecraft:oak_fence":16,"minecraft:cobblestone":14,"minecraft:grass_block":1,"minecraft:coal":12,"minecraft:cobblestone_stairs":7,"minecraft:dirt":128,"minecraft:torch":8,"minecraft:iron_leggings":1,"minecraft:iron_axe":1,"minecraft:red_dye":1,"minecraft:string":19,"minecraft:dandelion":1,"minecraft:stone_axe":5,"minecraft:moss_carpet":6,"minecraft:golden_chestplate":2,"minecraft:cobbled_deepslate":1,"minecraft:tuff":1,"minecraft:smooth_stone_slab":8,"minecraft:pig_spawn_egg":1,"minecraft:stone_shovel":1,"minecraft:rotten_flesh":26,"minecraft:clay_ball":20,"minecraft:poppy":3,"minecraft:iron_chestplate":1,"minecraft:andesite":1,"minecraft:azalea":2,"minecraft:golden_leggings":2,"minecraft:oak_sapling":8,"minecraft:spider_eye":1,"minecraft:bamboo":196,"minecraft:arrow":4,"minecraft:wooden_pickaxe":2},"minecraft:killed":{"minecraft:cave_spider":5,"minecraft:spider":6,"minecraft:skeleton":14,"minecraft:chicken":1,"minecraft:pig":5,"minecraft:iron_golem":5,"minecraft:creeper":1,"minecraft:sheep":4,"minecraft:zombie":28,"minecraft:enderman":2,"minecraft:cow":1},"minecraft:picked_up":{"minecraft:crafting_table":2,"minecraft:redstone_block":4,"minecraft:chicken":1,"minecraft:clay_ball":28,"minecraft:wooden_pickaxe":3,"minecraft:string":27,"minecraft:moss_carpet":9,"minecraft:smooth_stone_slab":8,"minecraft:cobbled_deepslate":55,"minecraft:beef":4,"minecraft:red_dye":1,"minecraft:azalea":2,"minecraft:poppy":8,"minecraft:iron_pickaxe":2,"minecraft:lectern":3,"minecraft:melon_slice":186,"minecraft:furnace":1,"minecraft:golden_helmet":1,"minecraft:stick":4,"minecraft:raw_iron":176,"minecraft:composter":3,"minecraft:oak_fence":17,"minecraft:torch":13,"minecraft:porkchop":18,"minecraft:diorite":17,"minecraft:redstone":19,"minecraft:end_crystal":3,"minecraft:golden_chestplate":2,"minecraft:quartz_block":4,"minecraft:rotten_flesh":27,"minecraft:arrow":12,"minecraft:hay_block":21,"minecraft:obsidian":1,"minecraft:glow_berries":6,"minecraft:mutton":7,"minecraft:cobblestone":140,"minecraft:white_wool":4,"minecraft:feather":2,"minecraft:glow_ink_sac":4,"minecraft:andesite":10,"minecraft:jungle_log":1,"minecraft:leather":1,"minecraft:golden_leggings":3,"minecraft:flint":8,"minecraft:tuff":3,"minecraft:oak_log":150,"minecraft:yellow_bed":2,"minecraft:golden_boots":1,"minecraft:gunpowder":2,"minecraft:cobblestone_stairs":11,"minecraft:lapis_lazuli":82,"minecraft:dirt":564,"minecraft:bone":14,"minecraft:apple":3,"minecraft:wheat_seeds":20,"minecraft:bell":2,"minecraft:grindstone":1,"minecraft:iron_ingot":69,"minecraft:bamboo":317,"minecraft:moss_block":8,"minecraft:oak_planks":2,"minecraft:iron_sword":2,"minecraft:sheep_spawn_egg":1,"minecraft:pig_spawn_egg":2,"minecraft:dandelion":1,"minecraft:gravel":20,"minecraft:jungle_planks":13,"minecraft:blast_furnace":1,"minecraft:white_bed":7,"minecraft:grass_block":1,"minecraft:mossy_cobblestone":34,"minecraft:spider_eye":2,"minecraft:diamond":38,"minecraft:stone_axe":3,"minecraft:granite":1,"minecraft:oak_sapling":11,"minecraft:coal":53,"minecraft:ender_pearl":1}},"DataVersion":3953}