{"stats":{"minecraft:mined":{"minecraft:white_bed":1,"minecraft:jungle_leaves":42,"minecraft:cave_vines_plant":10,"minecraft:ladder":4,"minecraft:granite":4,"minecraft:acacia_log":1,"minecraft:grass_block":1,"minecraft:jungle_log":12,"minecraft:hay_block":30,"minecraft:furnace":1,"minecraft:carrots":16,"minecraft:iron_ore":63,"minecraft:cobbled_deepslate":12,"minecraft:andesite":3,"minecraft:deepslate_lapis_ore":5,"minecraft:pointed_dripstone":5,"minecraft:potatoes":8,"minecraft:cave_vines":14,"minecraft:deepslate_iron_ore":12,"minecraft:vine":9,"minecraft:bamboo":21,"minecraft:stone":93,"minecraft:white_wool":1,"minecraft:dandelion":1,"minecraft:clay":1,"minecraft:crafting_table":2,"minecraft:torch":3,"minecraft:short_grass":171,"minecraft:poppy":1,"minecraft:melon":11,"minecraft:tall_grass":2,"minecraft:cobblestone":9,"minecraft:deepslate_gold_ore":14,"minecraft:oak_planks":4,"minecraft:diorite":4,"minecraft:wall_torch":10,"minecraft:seagrass":2,"minecraft:wheat":3,"minecraft:coal_ore":200,"minecraft:oak_log":57,"minecraft:beetroots":2,"minecraft:cocoa":15,"minecraft:dripstone_block":1,"minecraft:gravel":5,"minecraft:sand":2,"minecraft:dirt":7,"minecraft:cobweb":13,"minecraft:gold_ore":4,"minecraft:oak_leaves":54,"minecraft:deepslate":14,"minecraft:fern":37},"minecraft:crafted":{"minecraft:wooden_sword":2,"minecraft:oak_planks":196,"minecraft:fishing_rod":1,"minecraft:cooked_chicken":3,"minecraft:furnace":1,"minecraft:bone_meal":9,"minecraft:bookshelf":1,"minecraft:bow":1,"minecraft:iron_boots":1,"minecraft:melon_seeds":1,"minecraft:stone_pickaxe":1,"minecraft:wheat":81,"minecraft:cooked_beef":8,"minecraft:cooked_cod":2,"minecraft:diamond_sword":1,"minecraft:emerald":14,"minecraft:cooked_porkchop":6,"minecraft:crafting_table":7,"minecraft:wooden_pickaxe":2,"minecraft:iron_helmet":1,"minecraft:iron_sword":3,"minecraft:bucket":1,"minecraft:bread":6,"minecraft:jungle_planks":48,"minecraft:iron_chestplate":2,"minecraft:wooden_hoe":2,"minecraft:shield":2,"minecraft:stick":390,"minecraft:iron_ingot":21,"minecraft:iron_pickaxe":2,"minecraft:wooden_axe":2,"minecraft:stone_sword":1,"minecraft:iron_leggings":2,"minecraft:acacia_planks":4,"minecraft:torch":200},"minecraft:broken":{"minecraft:stone_pickaxe":1,"minecraft:golden_axe":1,"minecraft:wooden_sword":1},"minecraft:custom":{"minecraft:mob_kills":233,"minecraft:animals_bred":2,"minecraft:interact_with_crafting_table":39,"minecraft:leave_game":10,"minecraft:time_since_death":33069,"minecraft:climb_one_cm":64606,"minecraft:sprint_one_cm":714628,"minecraft:walk_one_cm":400760,"minecraft:damage_blocked_by_shield":4681,"minecraft:drop":53,"minecraft:talked_to_villager":13,"minecraft:play_time":250835,"minecraft:deaths":21,"minecraft:sneak_time":6197,"minecraft:walk_under_water_one_cm":72955,"minecraft:jump":5263,"minecraft:interact_with_blast_furnace":4,"minecraft:walk_on_water_one_cm":71982,"minecraft:total_world_time":250835,"minecraft:interact_with_furnace":46,"minecraft:traded_with_villager":16,"minecraft:sleep_in_bed":3,"minecraft:time_since_rest":1980,"minecraft:damage_taken":8818,"minecraft:damage_dealt":31147,"minecraft:player_kills":1,"minecraft:swim_one_cm":84957,"minecraft:fly_one_cm":1064806,"minecraft:open_chest":44,"minecraft:crouch_one_cm":17098,"minecraft:fish_caught":1,"minecraft:fall_one_cm":149958,"minecraft:horse_one_cm":5143},"minecraft:killed_by":{"minecraft:player":2,"minecraft:wolf":1,"minecraft:creeper":3,"minecraft:enderman":1,"minecraft:iron_golem":4,"minecraft:skeleton":4,"minecraft:zombie":5},"minecraft:used":{"minecraft:oak_fence":13,"minecraft:stone_sword":42,"minecraft:ladder":1,"minecraft:poppy":4,"minecraft:shield":85,"minecraft:iron_sword":232,"minecraft:cooked_chicken":3,"minecraft:rotten_flesh":15,"minecraft:torch":210,"minecraft:mutton":8,"minecraft:dirt":21,"minecraft:cocoa_beans":2,"minecraft:carrot":25,"minecraft:golden_chestplate":1,"minecraft:granite":4,"minecraft:wooden_axe":13,"minecraft:lava_bucket":10,"minecraft:iron_axe":59,"minecraft:bamboo":59,"minecraft:bow":7,"minecraft:beef":7,"minecraft:oak_sapling":8,"minecraft:furnace":1,"minecraft:cooked_cod":2,"minecraft:beetroot_seeds":2,"minecraft:egg":1,"minecraft:cooked_beef":7,"minecraft:potato":10,"minecraft:cobbled_deepslate":25,"minecraft:pointed_dripstone":9,"minecraft:golden_axe":21,"minecraft:wheat_seeds":4,"minecraft:water_bucket":6,"minecraft:diorite":3,"minecraft:stone_pickaxe":134,"minecraft:wooden_pickaxe":20,"minecraft:white_wool":11,"minecraft:glow_berries":16,"minecraft:sand":1,"minecraft:crafting_table":8,"minecraft:white_bed":2,"minecraft:cod":2,"minecraft:dripstone_block":1,"minecraft:oak_log":1,"minecraft:wooden_hoe":62,"minecraft:black_wool":1,"minecraft:bread":6,"minecraft:melon_slice":15,"minecraft:iron_pickaxe":300,"minecraft:gravel":6,"minecraft:golden_leggings":2,"minecraft:golden_helmet":2,"minecraft:fishing_rod":30,"minecraft:diamond_sword":439,"minecraft:fire_charge":1,"minecraft:wooden_sword":54,"minecraft:cobblestone":50,"minecraft:porkchop":14,"minecraft:cooked_porkchop":6,"minecraft:bucket":17,"minecraft:andesite":2,"minecraft:bone_meal":10,"minecraft:dandelion":1,"minecraft:smooth_stone":1},"minecraft:dropped":{"minecraft:iron_ingot":9,"minecraft:golden_boots":1,"minecraft:wheat_seeds":9,"minecraft:golden_helmet":1,"minecraft:oak_log":2,"minecraft:diamond":4,"minecraft:oak_fence":2,"minecraft:feather":4,"minecraft:golden_axe":1,"minecraft:jungle_planks":10,"minecraft:coal":10,"minecraft:flint":4,"minecraft:dirt":1,"minecraft:torch":5,"minecraft:wooden_sword":1,"minecraft:smooth_stone":1,"minecraft:string":6,"minecraft:dandelion":2,"minecraft:golden_chestplate":1,"minecraft:stone_sword":2,"minecraft:cobbled_deepslate":16,"minecraft:rotten_flesh":15,"minecraft:clay_ball":22,"minecraft:azure_bluet":1,"minecraft:poppy":1,"minecraft:potato":4,"minecraft:beetroot_seeds":2,"minecraft:golden_leggings":3,"minecraft:oak_sapling":1,"minecraft:spider_eye":1,"minecraft:bamboo":12,"minecraft:wooden_pickaxe":3,"minecraft:beef":11},"minecraft:killed":{"minecraft:spider":5,"minecraft:cod":3,"minecraft:skeleton":10,"minecraft:chicken":10,"minecraft:drowned":1,"minecraft:tropical_fish":5,"minecraft:pig":11,"minecraft:salmon":12,"minecraft:iron_golem":2,"minecraft:creeper":1,"minecraft:sheep":10,"minecraft:zombie":144,"minecraft:glow_squid":1,"minecraft:cow":18},"minecraft:picked_up":{"minecraft:fishing_rod":1,"minecraft:cocoa_beans":45,"minecraft:crafting_table":2,"minecraft:iron_chestplate":1,"minecraft:wheat":19,"minecraft:azure_bluet":1,"minecraft:chicken":10,"minecraft:ladder":5,"minecraft:clay_ball":22,"minecraft:diamond_sword":2,"minecraft:wooden_pickaxe":2,"minecraft:shield":1,"minecraft:string":18,"minecraft:iron_axe":2,"minecraft:wooden_sword":1,"minecraft:iron_leggings":1,"minecraft:iron_shovel":2,"minecraft:beetroot":2,"minecraft:cobbled_deepslate":47,"minecraft:beef":56,"minecraft:jungle_sapling":2,"minecraft:poppy":5,"minecraft:iron_pickaxe":3,"minecraft:melon_slice":52,"minecraft:furnace":1,"minecraft:iron_boots":1,"minecraft:egg":1,"minecraft:golden_helmet":3,"minecraft:stick":97,"minecraft:raw_iron":99,"minecraft:oak_fence":15,"minecraft:torch":19,"minecraft:acacia_log":1,"minecraft:porkchop":27,"minecraft:golden_axe":1,"minecraft:pointed_dripstone":9,"minecraft:diorite":4,"minecraft:carrot":38,"minecraft:golden_chestplate":2,"minecraft:rotten_flesh":238,"minecraft:stone_sword":1,"minecraft:arrow":26,"minecraft:cooked_cod":2,"minecraft:tropical_fish":7,"minecraft:beetroot_seeds":4,"minecraft:hay_block":9,"minecraft:glow_berries":14,"minecraft:mutton":14,"minecraft:cod":7,"minecraft:cobblestone":98,"minecraft:white_wool":14,"minecraft:feather":20,"minecraft:cooked_beef":3,"minecraft:salmon":12,"minecraft:glow_ink_sac":1,"minecraft:andesite":4,"minecraft:jungle_log":12,"minecraft:brown_wool":1,"minecraft:leather":26,"minecraft:golden_leggings":2,"minecraft:potato":14,"minecraft:oak_log":57,"minecraft:lily_pad":1,"minecraft:golden_boots":3,"minecraft:lapis_lazuli":28,"minecraft:wooden_hoe":3,"minecraft:dirt":26,"minecraft:bone":18,"minecraft:apple":1,"minecraft:bow":2,"minecraft:wheat_seeds":29,"minecraft:raw_gold":21,"minecraft:iron_ingot":96,"minecraft:cooked_chicken":1,"minecraft:bamboo":98,"minecraft:oak_planks":4,"minecraft:iron_sword":4,"minecraft:cooked_porkchop":4,"minecraft:dripstone_block":1,"minecraft:dandelion":3,"minecraft:lava_bucket":1,"minecraft:gravel":12,"minecraft:jungle_planks":32,"minecraft:sand":1,"minecraft:white_bed":2,"minecraft:spider_eye":1,"minecraft:diamond":8,"minecraft:iron_helmet":1,"minecraft:granite":4,"minecraft:bone_meal":1,"minecraft:oak_sapling":4,"minecraft:black_wool":1,"minecraft:coal":326}},"DataVersion":3953}