{"stats":{"minecraft:crafted":{"minecraft:cobbled_deepslate_slab":6,"minecraft:oak_planks":72,"minecraft:cooked_chicken":2,"minecraft:furnace":4,"minecraft:blast_furnace":2,"minecraft:bone_meal":6,"minecraft:diamond_block":2,"minecraft:flint_and_steel":1,"minecraft:diamond_helmet":1,"minecraft:diamond_leggings":1,"minecraft:iron_boots":1,"minecraft:iron_axe":1,"minecraft:ladder":84,"minecraft:stone_pickaxe":1,"minecraft:chest":7,"minecraft:diamond_boots":1,"minecraft:cooked_beef":2,"minecraft:diamond_sword":1,"minecraft:cooked_porkchop":1,"minecraft:diamond_axe":1,"minecraft:crafting_table":5,"minecraft:enchanting_table":1,"minecraft:jungle_boat":2,"minecraft:wooden_pickaxe":1,"minecraft:baked_potato":7,"minecraft:brown_dye":1,"minecraft:bucket":3,"minecraft:stone_axe":2,"minecraft:bread":1,"minecraft:air":0,"minecraft:jungle_planks":104,"minecraft:oak_boat":2,"minecraft:book":1,"minecraft:wooden_hoe":1,"minecraft:paper":12,"minecraft:diamond_pickaxe":2,"minecraft:shield":1,"minecraft:stick":264,"minecraft:iron_ingot":81,"minecraft:iron_pickaxe":2,"minecraft:stone_sword":2,"minecraft:iron_leggings":1,"minecraft:torch":8,"minecraft:diamond_chestplate":1},"minecraft:custom":{"minecraft:mob_kills":405,"minecraft:interact_with_crafting_table":56,"minecraft:leave_game":6,"minecraft:time_since_death":63237,"minecraft:climb_one_cm":107140,"minecraft:sprint_one_cm":264249,"minecraft:walk_one_cm":584386,"minecraft:drop":162,"minecraft:play_time":321485,"minecraft:deaths":19,"minecraft:sneak_time":5842,"minecraft:walk_under_water_one_cm":14562,"minecraft:boat_one_cm":797327,"minecraft:jump":1860,"minecraft:interact_with_blast_furnace":1,"minecraft:walk_on_water_one_cm":38369,"minecraft:total_world_time":321485,"minecraft:interact_with_furnace":61,"minecraft:time_since_rest":41525,"minecraft:damage_taken":7161,"minecraft:damage_dealt":45226,"minecraft:swim_one_cm":38484,"minecraft:fly_one_cm":147698,"minecraft:player_kills":3,"minecraft:open_chest":139,"minecraft:crouch_one_cm":19476,"minecraft:fall_one_cm":83415},"minecraft:mined":{"minecraft:tuff":107,"minecraft:farmland":1,"minecraft:mossy_cobblestone":35,"minecraft:deepslate_diamond_ore":161,"minecraft:obsidian":14,"minecraft:ladder":8,"minecraft:granite":1,"minecraft:cobbled_deepslate_slab":5,"minecraft:grass_block":1,"minecraft:crimson_roots":3,"minecraft:jungle_log":24,"minecraft:kelp":1,"minecraft:moss_block":20,"minecraft:crimson_stem":25,"minecraft:smooth_stone":8,"minecraft:furnace":12,"minecraft:carrots":2,"minecraft:iron_ore":40,"minecraft:cobbled_deepslate":89,"minecraft:andesite":54,"minecraft:enchanting_table":1,"minecraft:potatoes":4,"minecraft:cave_vines":2,"minecraft:deepslate_iron_ore":91,"minecraft:vine":8,"minecraft:stripped_jungle_log":2,"minecraft:bamboo":53,"minecraft:stone":172,"minecraft:white_wool":8,"minecraft:deepslate_redstone_ore":2,"minecraft:flowering_azalea":1,"minecraft:clay":70,"minecraft:crafting_table":4,"minecraft:torch":1,"minecraft:short_grass":15,"minecraft:melon":1,"minecraft:chest":4,"minecraft:cobblestone":61,"minecraft:tall_grass":1,"minecraft:sugar_cane":4,"minecraft:diorite":24,"minecraft:wall_torch":9,"minecraft:seagrass":1,"minecraft:smooth_stone_slab":8,"minecraft:coal_ore":25,"minecraft:oak_log":19,"minecraft:gravel":30,"minecraft:sand":27,"minecraft:dirt":9,"minecraft:gold_ore":2,"minecraft:oak_leaves":12,"minecraft:fern":2,"minecraft:deepslate":764},"minecraft:dropped":{"minecraft:iron_ingot":24,"minecraft:iron_sword":1,"minecraft:golden_helmet":1,"minecraft:diamond":7,"minecraft:cooked_porkchop":1,"minecraft:feather":4,"minecraft:cobblestone":5,"minecraft:coal":27,"minecraft:stick":38,"minecraft:cod":3,"minecraft:wooden_hoe":1,"minecraft:sand":1,"minecraft:iron_pickaxe":2,"minecraft:white_wool":1,"minecraft:stone_axe":1,"minecraft:kelp":2,"minecraft:cooked_chicken":1,"minecraft:cobbled_deepslate":17,"minecraft:cocoa_beans":2,"minecraft:raw_iron":8,"minecraft:rotten_flesh":10,"minecraft:carrot":1,"minecraft:filled_map":1,"minecraft:diamond_sword":2,"minecraft:potato":2,"minecraft:diamond_pickaxe":2,"minecraft:leather_boots":1,"minecraft:golden_leggings":1,"minecraft:spider_eye":1,"minecraft:wooden_pickaxe":2,"minecraft:stone_pickaxe":3},"minecraft:killed":{"minecraft:spider":4,"minecraft:skeleton":6,"minecraft:chicken":1,"minecraft:iron_golem":1,"minecraft:bat":1,"minecraft:creeper":1,"minecraft:zombie":390},"minecraft:killed_by":{"minecraft:player":1,"minecraft:creeper":1,"minecraft:iron_golem":1,"minecraft:drowned":1,"minecraft:skeleton":4,"minecraft:zombie":2},"minecraft:used":{"minecraft:moss_block":2,"minecraft:enchanting_table":2,"minecraft:stone_sword":15,"minecraft:iron_shovel":24,"minecraft:flint_and_steel":1,"minecraft:ladder":95,"minecraft:chest":10,"minecraft:cooked_salmon":2,"minecraft:cooked_chicken":3,"minecraft:rotten_flesh":1,"minecraft:torch":13,"minecraft:dirt":12,"minecraft:carrot":7,"minecraft:diamond_helmet":2,"minecraft:tuff":19,"minecraft:obsidian":11,"minecraft:lava_bucket":6,"minecraft:iron_axe":2,"minecraft:iron_boots":1,"minecraft:bamboo":2,"minecraft:diamond_chestplate":1,"minecraft:furnace":10,"minecraft:cooked_beef":3,"minecraft:potato":12,"minecraft:cobbled_deepslate":335,"minecraft:water_bucket":35,"minecraft:diorite":5,"minecraft:diamond_boots":2,"minecraft:stone_pickaxe":87,"minecraft:baked_potato":7,"minecraft:wooden_pickaxe":13,"minecraft:diamond_axe":104,"minecraft:jungle_boat":2,"minecraft:white_wool":3,"minecraft:mossy_cobblestone":34,"minecraft:sand":4,"minecraft:crafting_table":7,"minecraft:blast_furnace":3,"minecraft:wooden_hoe":6,"minecraft:diamond_pickaxe":1467,"minecraft:bread":2,"minecraft:melon_slice":6,"minecraft:iron_pickaxe":235,"minecraft:gravel":13,"minecraft:golden_helmet":1,"minecraft:stone_axe":1,"minecraft:diamond_sword":849,"minecraft:potion":1,"minecraft:cobblestone":115,"minecraft:cobbled_deepslate_slab":10,"minecraft:cooked_porkchop":1,"minecraft:bucket":43,"minecraft:andesite":33,"minecraft:oak_boat":2,"minecraft:bone_meal":6,"minecraft:diamond_leggings":1},"minecraft:picked_up":{"minecraft:crafting_table":8,"minecraft:chicken":1,"minecraft:ladder":14,"minecraft:clay_ball":377,"minecraft:leather_leggings":1,"minecraft:diamond_sword":4,"minecraft:wooden_pickaxe":1,"minecraft:string":4,"minecraft:smooth_stone_slab":7,"minecraft:diamond_leggings":2,"minecraft:cobbled_deepslate":941,"minecraft:smooth_stone":8,"minecraft:beef":10,"minecraft:azalea":3,"minecraft:poppy":1,"minecraft:iron_pickaxe":1,"minecraft:melon_slice":6,"minecraft:sugar_cane":12,"minecraft:chest":4,"minecraft:furnace":12,"minecraft:golden_helmet":1,"minecraft:stick":10,"minecraft:raw_iron":180,"minecraft:oak_fence":2,"minecraft:torch":12,"minecraft:diorite":24,"minecraft:carrot":8,"minecraft:redstone":9,"minecraft:golden_chestplate":2,"minecraft:diamond_chestplate":2,"minecraft:rotten_flesh":425,"minecraft:arrow":4,"minecraft:diamond_boots":2,"minecraft:glow_berries":3,"minecraft:obsidian":15,"minecraft:white_wool":8,"minecraft:cobblestone":314,"minecraft:enchanting_table":1,"minecraft:leather_chestplate":1,"minecraft:jungle_boat":1,"minecraft:cooked_beef":1,"minecraft:crimson_stem":29,"minecraft:glow_ink_sac":1,"minecraft:andesite":55,"minecraft:jungle_log":24,"minecraft:golden_leggings":1,"minecraft:potato":21,"minecraft:flint":2,"minecraft:tuff":109,"minecraft:oak_log":18,"minecraft:golden_boots":2,"minecraft:dirt":21,"minecraft:leather_boots":2,"minecraft:bone":3,"minecraft:kelp":2,"minecraft:bow":1,"minecraft:raw_gold":2,"minecraft:cobbled_deepslate_slab":6,"minecraft:iron_ingot":37,"minecraft:stone_pickaxe":3,"minecraft:cooked_chicken":1,"minecraft:diamond_helmet":1,"minecraft:bamboo":592,"minecraft:moss_block":54,"minecraft:flowering_azalea":1,"minecraft:iron_sword":1,"minecraft:dandelion":2,"minecraft:gravel":28,"minecraft:sand":31,"minecraft:mossy_cobblestone":34,"minecraft:spider_eye":1,"minecraft:stripped_jungle_log":2,"minecraft:diamond":169,"minecraft:granite":1,"minecraft:diamond_axe":2,"minecraft:oak_sapling":1,"minecraft:coal":105,"minecraft:crimson_roots":3,"minecraft:diamond_pickaxe":4}},"DataVersion":3953}